[{"id":"user-image-4401280.jpg","publicUrl":"np://user.desktop.nicepage.com/Site_49556088/images/4401280.jpg","size":73648,"fileName":"4401280.jpg","name":"4401280","width":1080,"height":1080,"thumbnail":{"url":"np://user.desktop.nicepage.com/Site_49556088/images/thumbnails/4401280.jpg","width":250,"height":250}},{"id":"user-image-646094.png","publicUrl":"np://user.desktop.nicepage.com/Site_49556088/images/646094.png","size":2920,"fileName":"646094.png","name":"646094","width":128,"height":128,"thumbnail":{"url":"np://user.desktop.nicepage.com/Site_49556088/images/thumbnails/646094.png","width":128,"height":128,"length":2920}},{"id":"user-image-6677.jpg","publicUrl":"np://user.desktop.nicepage.com/Site_49556088/images/6677.jpg","size":219739,"fileName":"6677.jpg","name":"6677","width":1055,"height":704,"thumbnail":{"url":"np://user.desktop.nicepage.com/Site_49556088/images/thumbnails/6677.jpg","width":250,"height":167}},{"id":"user-image-hg5.jpg","publicUrl":"np://user.desktop.nicepage.com/Site_49556088/images/hg5.jpg","size":100583,"fileName":"hg5.jpg","name":"hg5","width":1380,"height":920,"thumbnail":{"url":"np://user.desktop.nicepage.com/Site_49556088/images/thumbnails/hg5.jpg","width":250,"height":167}},{"id":"user-image-jhjhjhjjjjjjjjjjj-min.jpg","publicUrl":"np://user.desktop.nicepage.com/Site_49556088/images/jhjhjhjjjjjjjjjjj-min.jpg","size":130919,"fileName":"jhjhjhjjjjjjjjjjj-min.jpg","name":"jhjhjhjjjjjjjjjjj-min","width":1700,"height":832,"thumbnail":{"url":"np://user.desktop.nicepage.com/Site_49556088/images/thumbnails/jhjhjhjjjjjjjjjjj-min.jpg","width":250,"height":122}},{"id":"user-image-logo.png","publicUrl":"np://user.desktop.nicepage.com/Site_49556088/images/logo.png","size":3699,"fileName":"logo.png","name":"logo","width":439,"height":117,"thumbnail":{"url":"np://user.desktop.nicepage.com/Site_49556088/images/thumbnails/logo.png","width":250,"height":67}},{"id":"user-image-4119036.jpg","publicUrl":"np://user.desktop.nicepage.com/Site_49556088/images/4119036.jpg","size":70128,"fileName":"4119036.jpg","name":"4119036","width":1080,"height":1080,"thumbnail":{"url":"np://user.desktop.nicepage.com/Site_49556088/images/thumbnails/4119036.jpg","width":250,"height":250}},{"id":"user-image-4351531.jpg","publicUrl":"np://user.desktop.nicepage.com/Site_49556088/images/4351531.jpg","size":57335,"fileName":"4351531.jpg","name":"4351531","width":1080,"height":1080,"thumbnail":{"url":"np://user.desktop.nicepage.com/Site_49556088/images/thumbnails/4351531.jpg","width":250,"height":250}},{"id":"user-image-4554896.jpg","publicUrl":"np://user.desktop.nicepage.com/Site_49556088/images/4554896.jpg","size":68575,"fileName":"4554896.jpg","name":"4554896","width":1512,"height":1080,"thumbnail":{"url":"np://user.desktop.nicepage.com/Site_49556088/images/thumbnails/4554896.jpg","width":250,"height":179}}]